cohortId,cohortName
1,1_3_butylene_glycol
2,17_alpha_hydroxyprogesterone
3,3_3__diindolylmethane
4,3_iodobenzylguanidine
5,4_aminobenzoate
6,4_aminobenzoic_acid
7,4_cresyl_acetate
8,5_hydroxytryptophan
9,6_aminocaproic_acid
10,6_O_palmitoylascorbic_acid
11,7_oxo_prasterone
12,abacavir
13,abaloparatide
14,abatacept
15,abciximab
16,abemaciclib
17,abiraterone
18,abrocitinib
19,Acacia_pollen_extract
20,acai_berry_extract
21,acai_extract
22,acalabrutinib
23,acamprosate
24,acarbose
25,acebutolol
26,acellular_pertussis_vaccine__inactivated
27,acetaminophen
28,acetate
29,acetazolamide
30,acetic_acid
31,acetohexamide
32,acetohydroxamic_acid
33,acetone
34,acetylcarnitine
35,acetylcholine
36,acetylcysteine
37,acetylglucosamine
38,acitretin
39,aclidinium
40,Aconitum_napellus_extract
41,acrivastine
42,activated_charcoal
43,acyclovir
44,adalimumab
45,adapalene
46,adefovir
47,adenosine
48,adenovirus_type_4_vaccine_live
49,aducanumab
50,afatinib
51,aflibercept
52,agalsidase_beta
53,air
54,alanine
55,albendazole
56,albiglutide
57,albumin_human__USP
58,albumin_iodinated_I_131_serum
59,albuterol
60,alcaftadine
61,alclometasone
62,aldesleukin
63,aldioxa
64,aldosterone
65,alectinib
66,alefacept
67,alemtuzumab
68,alendronate
69,alfalfa_preparation
70,alfentanil
71,alfuzosin
72,alginate
73,alginic_acid
74,alglucosidase_alfa
75,alirocumab
76,aliskiren
77,alitretinoin
78,allantoin_calcium_pantothenate
79,allantoin
80,allopurinol
81,allyl_sulfide
82,almond_oil
83,almotriptan
84,aloe_extract
85,aloe_polysaccharide
86,aloe_vera_leaf_extract
87,Aloe_vera_preparation
88,alogliptin
89,alosetron
90,alpelisib
91,alpha_1_antitrypsin
92,alpha_D_galactosidase_enzyme
93,alpha_ketoglutaric_acid
94,alpha_tocopherol
95,alprazolam
96,alprostadil
97,alteplase
98,altretamine
99,aluminum_acetate
100,aluminum_aspirin
101,aluminum_chloride
102,aluminum_hydroxide
103,aluminum_sulfate
104,aluminum
105,alvimopan
106,amantadine
107,ambenonium
108,ambrisentan
109,amcinonide
110,American_house_dust_mite_allergenic_extract
111,amifampridine
112,amifostine
113,amikacin
114,amiloride
115,aminobenzoate
116,aminocaproate
117,aminoglutethimide
118,aminolevulinate
119,aminolevulinic_acid
120,aminophylline
121,aminosalicylic_acid
122,amiodarone
123,amisulpride
124,amitriptyline
125,amivantamab
126,amlexanox
127,amlodipine
128,ammonia
129,ammonium_chloride
130,ammonium
131,amobarbital
132,amorolfine
133,amoxapine
134,amoxicillin
135,amphetamine
136,amphotericin_B
137,amphotericin
138,ampicillin
139,amprenavir
140,amyl_nitrite
141,amylase
142,anagrelide
143,anakinra
144,anastrozole
145,andexanet_alfa
146,Angelica_sinensis_preparation
147,anidulafungin
148,anifrolumab
149,anisindione
150,anistreplase
151,anthralin
152,anti_inhibitor_coagulant_complex
153,antipyrine
154,antithrombin_III
155,apalutamide
156,apixaban
157,apomorphine
158,apple_cider_vinegar
159,apraclonidine
160,apremilast
161,aprepitant
162,aprotinin
163,arformoterol
164,argatroban
165,arginine
166,aripiprazole_lauroxil
167,aripiprazole
168,armodafinil
169,Arnica_extract
170,Arnica_montana_extract
171,Arnica_montana_flower_extract
172,arsenic_trioxide
173,artemether
174,Artemisia_absinthium_whole_extract
175,artesunate
176,articaine
177,asciminib
178,ascorbate
179,ascorbic_acid
180,asenapine
181,asfotase_alfa
182,asparaginase
183,aspartame
184,aspartate
185,aspirin
186,astaxanthin
187,astemizole
188,Astragalus_preparation
189,Astragalus_root_extract
190,atazanavir
191,atenolol
192,atezolizumab
193,atogepant
194,atomoxetine
195,atorvastatin
196,atovaquone
197,Atropa_belladona_whole_extract
198,atropine
199,attapulgite
200,auranofin
201,aurothioglucose
202,aurothiomalate
203,avacopan
204,avanafil
205,avapritinib
206,avatrombopag
207,avelumab
208,avibactam
209,axitinib
210,azacitidine
211,azatadine
212,azathioprine
213,azelastine
214,azelate
215,azilsartan
216,azithromycin
217,aztreonam
218,Bacillus_coagulans
219,Bacillus_subtilis
220,bacitracin
221,baclofen
222,baicalin
223,baloxavir_marboxil
224,balsalazide
225,bamlanivimab
226,baricitinib
227,barium_sulfate
228,barium
229,basic_aluminum_carbonate_gel
230,basiliximab
231,bazedoxifene
232,BCG__live__Connaught_strain
233,BCG__live__Tice_strain
234,bebtelovimab
235,becaplermin
236,beclomethasone
237,bedaquiline
238,bee_pollen
239,beeswax
240,belantamab_mafodotin
241,belatacept
242,belimumab
243,belinostat
244,belladonna_alkaloids
245,belladonna_extract__USP
246,belladonna_leaf_extract
247,Bellis_perennis_extract
248,belumosudil
249,belzutifan
250,bempedoic_acid
251,benazepril
252,bendamustine
253,bendroflumethiazide
254,benoxinate
255,benralizumab
256,benzalkonium
257,benzethonium
258,benznidazole
259,benzoate
260,benzocaine
261,benzoin_resin
262,benzonatate
263,benzoyl_peroxide
264,benzphetamine
265,benztropine
266,benzyl_alcohol
267,benzyl_benzoate
268,benzylpenicilloyl_polylysine
269,bepotastine
270,beractant
271,berberine
272,Berberis_vulgaris_root_bark_extract
273,bergamot_oil
274,bergamot_orange_extract
275,berotralstat
276,besifloxacin
277,beta_carotene
278,beta_D_ribose
279,beta_sitosteryl_sulfate
280,betahistine
281,betaine
282,betamethasone
283,betaxolol
284,bethanechol
285,bevacizumab
286,bexarotene
287,bezlotoxumab
288,bicalutamide
289,bicarbonate_ion
290,bictegravir
291,Bifidobacterium_animalis
292,Bifidobacterium_bifidum
293,Bifidobacterium_Infantis
294,Bifidobacterium_longum
295,bilberry_extract
296,bilberry_seed_extract
297,bimatoprost
298,binimetinib
299,biotin
300,biperiden
301,bisacodyl
302,bismuth_formic_iodide
303,bismuth_subcitrate
304,bismuth_subgallate
305,bismuth_subnitrate
306,bismuth_subsalicylate
307,bismuth_tribromophenate
308,bismuth
309,bisoprolol
310,bitolterol
311,bivalirudin
312,black_cohosh_extract
313,black_currant_oil
314,bleomycin
315,blinatumomab
316,blueberry_extract
317,boceprevir
318,borage_oil
319,boric_acid
320,boron
321,bortezomib
322,bosentan
323,bosutinib
324,boswellia_preparation
325,botulinum_toxin_type_A
326,botulinum_toxin_type_B
327,botulism_immune_globulin_IV_human
328,bran
329,bremelanotide
330,brentuximab_vedotin
331,brexpiprazole
332,brigatinib
333,brilliant_blue_G
334,brimonidine
335,brinzolamide
336,brivaracetam
337,broccoli_seed_oil
338,brodalumab
339,brolucizumab
340,bromazepam
341,bromelains
342,bromfenac
343,bromhexine
344,bromocriptine
345,bromodiphenhydramine
346,brompheniramine
347,Bryonia_alba_root_extract
348,budesonide
349,bumetanide
350,bupivacaine
351,buprenorphine
352,bupropion
353,burosumab
354,buspirone
355,busulfan
356,butabarbital
357,butalbital
358,butamben
359,butenafine
360,butoconazole
361,butorphanol
362,butylated_hydroxytoluene
363,butyrate
364,C1_esterase_inhibitor
365,cabazitaxel
366,cabergoline
367,cabotegravir
368,cabozantinib
369,cadexomer_iodine
370,caffeine
371,calamine
372,calaspargase_pegol
373,calcifediol
374,calcipotriene
375,calcitonin
376,calcitriol
377,calcium_acetate
378,calcium_alginate
379,calcium_ascorbate
380,calcium_aspartate
381,calcium_carbonate
382,calcium_chloride__dihydration
383,calcium_chloride
384,calcium_citrate
385,calcium_glubionate
386,calcium_gluconate
387,calcium_glycerophosphate
388,calcium_lactate
389,calcium_phosphate_dibasic
390,calcium_phosphate
391,calcium_polycarbophil
392,calcium_pyruvate
393,calcium_threonate
394,calcium
395,Calendula_officinalis_extract
396,Calendula_officinalis_flower_extract
397,Calendula_officinalis_flowering_top_extract
398,calfactant
399,camphor
400,canagliflozin
401,canakinumab
402,candesartan
403,Candida_albicans_allergenic_extract
404,Candida_albicans
405,cangrelor
406,cannabidiol
407,cantharidin
408,capecitabine
409,caplacizumab
410,capmatinib
411,capreomycin
412,capromab_pendetide
413,capsaicin
414,Capsicum_extract
415,Capsicum_oleoresin
416,captopril
417,carbachol
418,carbamazepine
419,carbamide_peroxide
420,carbetapentane
421,carbidopa
422,carbimazole
423,carbinoxamine
424,carbocysteine
425,carbomer
426,carboplatin
427,carboprost
428,carboxymethyl_fragment
429,carboxymethylcellulose
430,carfilzomib
431,carglumic_acid
432,Carica_papaya_preparation
433,cariprazine
434,carisoprodol
435,carmustine
436,carnitine
437,carnosine
438,carteolol
439,carvedilol
440,casanthranol
441,cascara_sagrada
442,casirivimab
443,caspofungin
444,castor_oil
445,catechin
446,cayenne_extract
447,cedazuridine
448,cefaclor
449,cefadroxil
450,cefazolin
451,cefdinir
452,cefditoren
453,cefepime
454,cefiderocol
455,cefixime
456,cefotaxime
457,cefotetan
458,cefoxitin
459,cefpodoxime
460,cefprozil
461,ceftaroline_fosamil
462,ceftaroline
463,ceftazidime
464,ceftibuten
465,ceftolozane
466,ceftriaxone
467,cefuroxime
468,celecoxib
469,celery_seed_extract
470,celery_seed_oil
471,cellulase
472,cellulose
473,cemiplimab
474,cenegermin
475,cenobamate
476,Centruroides__scorpion__immune_F_ab__2__equine_
477,cephalexin
478,cephalothin
479,cephradine
480,ceritinib
481,cerivastatin
482,certolizumab_pegol
483,cetirizine
484,cetrorelix
485,cetuximab
486,cetylpyridinium
487,cevimeline
488,charcoal
489,chaste_tree_preparation
490,Chelidonium_majus_extract
491,chenodeoxycholate
492,cherry_allergenic_extract
493,chia_seed_oil
494,chiro_inositol______
495,chitosan
496,chlophedianol
497,chlorambucil
498,chloramphenicol
499,chlorcyclizine
500,chlordiazepoxide
501,Chlorella_minutissima_extract
502,Chlorella_vulgaris_extract
503,chlorhexidine
504,chlorine
505,chlorophyll
506,chlorophyllin_copper_complex
507,chlorophyllin
508,chloroprocaine
509,chloroquine
510,chlorothiazide
511,chloroxine
512,chloroxylenol
513,chlorpheniramine
514,chlorphenoxamine
515,chlorpromazine
516,chlorpropamide
517,chlorthalidone
518,chlorzoxazone
519,cholecalciferol
520,cholesterol
521,cholestyramine_resin
522,cholic_acid
523,choline_fenofibrate
524,choline_magnesium_trisalicylate
525,choline
526,chondroitin_sulfates
527,chorionic_gonadotropin
528,chromic_chloride
529,chromium__chelated
530,chromium_aspartate
531,chromium_nicotinic_acid_complex
532,chromium_picolinate
533,chromium_polynicotinate
534,chromium
535,chromous_chloride
536,ciclesonide
537,cicletanine
538,ciclopirox
539,cider_vinegar
540,cidofovir
541,cilastatin
542,cilazapril
543,cilgavimab
544,cilostazol
545,cimetidine
546,cinacalcet
547,Cinnamomum_cassia_twig_extract
548,cinnamon_bark
549,cinnamon_oil
550,cinnamon_preparation
551,cinnarizine
552,ciprofloxacin
553,cisapride
554,cisatracurium
555,cisplatin
556,citalopram
557,citicoline
558,citral
559,citrate
560,citric_acid
561,citrulline
562,citrus_pectin
563,cladribine
564,clarithromycin
565,Clascoterone
566,clavulanate
567,clemastine
568,clidinium
569,clindamycin
570,clioquinol
571,clobazam
572,clobetasol
573,clocortolone
574,clofarabine
575,clofazimine
576,clofibrate
577,clomiphene
578,clomipramine
579,clonazepam
580,clonidine
581,clopidogrel
582,clorazepate
583,clotrimazole
584,clove_oil
585,cloxacillin
586,clozapine
587,coagulation_factor_IX_recombinant_immunoglobulin_G1_fusion_protein
588,coal_tar
589,cobicistat
590,cobimetinib
591,cocaine
592,cocoa_bean_allergenic_extract
593,cocoa_butter
594,coconut_oil
595,cod_liver_oil
596,codeine
597,colchicine
598,colesevelam
599,colestipol
600,colistin
601,collagen__hydrolyzed
602,collagen_hemostat
603,collagen
604,collagenase_Clostridium_histolyticum
605,collagenase
606,colloidal_oatmeal
607,compound_benzoin_tincture__USP_
608,conivaptan
609,copanlisib
610,copper_gluconate
611,copper_sulfate
612,copper
613,corn_starch
614,corticotropin_releasing_hormone
615,corticotropin
616,cortisone
617,cosyntropin
618,cotton_fiber_extract
619,coumarin
620,cranberry_juice
621,cranberry_preparation
622,creatine
623,creatinine
624,crisaborole
625,crizanlizumab
626,crizotinib
627,crofelemer
628,cromolyn
629,croscarmellose
630,crotamiton
631,cupric_chloride
632,cupric_oxide
633,cuprous_oxide
634,curcumin
635,cyclizine
636,cyclobenzaprine
637,cyclopentolate
638,cyclophosphamide
639,cycloserine
640,cyclosporine
641,cyproheptadine
642,cyproterone
643,cysteamine
644,cysteine
645,cystine
646,cytarabine
647,cytomegalovirus_immune_globulin
648,cytosine
649,D_biotin
650,dabigatran_etexilate
651,dabigatran
652,dabrafenib
653,dacarbazine
654,daclatasvir
655,daclizumab
656,dacomitinib
657,dactinomycin
658,dalbavancin
659,dalfampridine
660,dalfopristin
661,dalteparin
662,danaparoid
663,danazol
664,dandelion_root_extract
665,dantrolene
666,dapagliflozin
667,dapsone
668,daptomycin
669,daratumumab
670,darbepoetin_alfa
671,daridorexant
672,darifenacin
673,darolutamide
674,darunavir
675,dasabuvir
676,dasatinib
677,dasiglucagon
678,daunorubicin
679,deanol
680,decanoic_acid
681,decitabine
682,deferasirox
683,deferiprone
684,deferoxamine
685,defibrotide
686,deflazacort
687,degarelix
688,delafloxacin
689,delavirdine
690,demecarium
691,demeclocycline
692,denileukin_diftitox
693,denosumab
694,deoxycholate
695,desflurane
696,desipramine
697,desirudin
698,desloratadine
699,desmopressin
700,desogestrel
701,desonide
702,desoximetasone
703,desvenlafaxine
704,deutetrabenazine
705,dexamethasone
706,dexbrompheniramine
707,dexchlorpheniramine
708,dexfenfluramine
709,dexketoprofen
710,dexlansoprazole
711,dexmedetomidine
712,dexmethylphenidate
713,dexpanthenol
714,dexrazoxane
715,dextran_1
716,dextran_40
717,dextran_70
718,dextran
719,dextroamphetamine
720,dextromethorphan
721,diatrizoate
722,diazepam
723,diazoxide
724,dibasic_potassium_phosphate
725,dibucaine
726,dichloralphenazone
727,dichlorotetrafluoroethane
728,dichlorphenamide
729,diclofenac
730,dicloxacillin
731,dicumarol
732,dicyclomine
733,didanosine
734,dienogest
735,diethylene_glycol_monoethyl_ether
736,diethylpropion
737,diethylstilbestrol
738,difenoxin
739,diflorasone
740,diflunisal
741,difluprednate
742,digitoxin
743,digoxin_antibodies_Fab_fragments
744,digoxin
745,dihydrocodeine
746,dihydroergotamine
747,dihydrotachysterol
748,diltiazem
749,dimenhydrinate
750,dimethicone
751,dimethyl_fumarate
752,dimethyl_sulfoxide
753,dinoprostone
754,dinutuximab
755,diosmin
756,diperodon
757,diphenhydramine
758,diphenoxylate
759,diphtheria_antitoxin
760,diphtheria_toxoid_vaccine__inactivated
761,dipivefrin
762,dipyridamole
763,diroximel_fumarate
764,disopyramide
765,disulfiram
766,DL_lactic_acid
767,dobutamine
768,docetaxel
769,doconexent
770,docosaenoic_acid
771,docosahexaenoate
772,docosanol
773,docusate
774,dodatate
775,dodecyl_sulfate
776,dofetilide
777,dolasetron
778,dolomite
779,dolutegravir
780,domperidone
781,donepezil
782,dopamine
783,doravirine
784,doripenem
785,dornase_alfa
786,dorzolamide
787,dotatate
788,doxapram
789,doxazosin
790,doxepin
791,doxercalciferol
792,doxorubicin
793,doxycycline
794,doxylamine
795,dronabinol
796,dronedarone
797,droperidol
798,drospirenone
799,drotrecogin_alfa
800,droxidopa
801,dulaglutide
802,duloxetine
803,dupilumab
804,durapatite
805,durvalumab
806,dutasteride
807,duvelisib
808,dyclonine
809,dyphylline
810,ecallantide
811,Echinacea_preparation
812,Echinacea_root_extract
813,econazole
814,ecothiopate
815,eculizumab
816,edaravone
817,edetate_calcium
818,edetate
819,edoxaban
820,edrophonium
821,efalizumab
822,efavirenz
823,efgartigimod_alfa
824,efinaconazole
825,eflornithine
826,efmoroctocog_alfa
827,eicosapentaenoate
828,elagolix
829,elbasvir
830,elderberry_fruit
831,eletriptan
832,elexacaftor
833,eliglustat
834,elosulfase_alfa
835,elotuzumab
836,eltrombopag
837,eluxadoline
838,elvitegravir
839,emapalumab
840,emedastine
841,emicizumab
842,empagliflozin
843,emtricitabine
844,enalapril
845,enalaprilat
846,enasidenib
847,encorafenib
848,enflurane
849,enfortumab
850,enfuvirtide
851,enoxaparin
852,entacapone
853,entecavir
854,entrectinib
855,enzalutamide
856,ephedrine
857,epinastine
858,epinephrine
859,epirubicin
860,eplerenone
861,epoetin_alfa
862,epoprostenol
863,eprosartan
864,eptifibatide
865,eptinezumab
866,Equisetum_arvense_whole_extract
867,eravacycline
868,erdafitinib
869,erenumab
870,ergocalciferol
871,ergoloid_mesylates__USP
872,ergonovine
873,ergotamine
874,eribulin
875,erlotinib
876,ertapenem
877,ertugliflozin
878,erythromycin
879,escitalopram
880,esketamine
881,eslicarbazepine
882,esmolol
883,esomeprazole
884,estazolam
885,estetrol
886,estradiol
887,estramustine
888,estriol
889,estrogens__conjugated__USP_
890,estrogens__esterified__USP_
891,estrogens
892,estrone
893,estropipate
894,eszopiclone
895,etanercept
896,etelcalcetide
897,eteplirsen
898,ethacrynate
899,ethambutol
900,ethanol
901,ethanolamine_oleate
902,ethinyl_estradiol
903,ethiodized_oil
904,ethionamide
905,ethosuximide
906,ethotoin
907,ethyl_chloride
908,ethyl_oleate
909,ethylenediaminetetraacetate
910,ethynodiol
911,etidronate
912,etodolac
913,etomidate
914,etonogestrel
915,etoposide
916,etoricoxib
917,etravirine
918,eucalyptol
919,Eucalyptus_oil
920,European_elderberry_juice
921,European_house_dust_mite_allergenic_extract
922,evening_primrose_extract
923,evening_primrose_oil
924,everolimus
925,evolocumab
926,exemestane
927,exenatide
928,ezetimibe
929,ezogabine
930,factor_IX_complex
931,factor_IX
932,factor_VII
933,factor_VIIa
934,factor_VIII
935,factor_X
936,factor_XIII
937,famciclovir
938,famotidine
939,faricimab
940,fatty_acids__omega_6
941,FD_C_red_40_lake
942,Fe_heme_polypeptide
943,febuxostat
944,fedratinib
945,felbamate
946,felodipine
947,fenbendazole
948,fenfluramine
949,fenofibrate
950,fenoldopam
951,fenoprofen
952,fentanyl
953,fenugreek_seed_meal
954,fenugreek_seed_preparation
955,ferric_carboxymaltose
956,ferric_citrate
957,ferric_maltol
958,ferric_pyrophosphate
959,ferric_subsulfate_solution
960,ferrous_asparto_glycinate
961,ferrous_bisglycinate
962,ferrous_cation
963,ferrous_fumarate
964,ferrous_gluconate
965,ferrous_sulfate
966,ferumoxytol
967,fesoterodine
968,feverfew_extract
969,fexofenadine
970,fiber
971,fibrinogen
972,fidaxomicin
973,filgrastim
974,finasteride
975,finerenone
976,fingolimod
977,fish_oil__containing_omega_3_acids_
978,fish_oils
979,flavoxate
980,flaxseed_extract
981,flecainide
982,flibanserin
983,florbetaben
984,florbetapir
985,fluciclovine
986,fluconazole
987,flucytosine
988,fludarabine
989,fludrocortisone
990,flumazenil
991,flunarizine
992,flunisolide
993,fluocinolone
994,fluocinonide
995,fluorescein
996,fluoride_ion
997,fluorometholone
998,fluorouracil
999,fluoxetine
1000,fluoxymesterone
1001,fluphenazine
1002,flurandrenolide
1003,flurazepam
1004,flurbiprofen
1005,flutamide
1006,fluticasone
1007,fluvastatin
1008,fluvoxamine
1009,folate
1010,folic_acid
1011,follicle_stimulating_hormone
1012,follitropin_alfa
1013,follitropin_beta
1014,fomepizole
1015,fondaparinux
1016,formaldehyde
1017,formic_acid
1018,formoterol
1019,fosamprenavir
1020,fosaprepitant
1021,foscarnet
1022,fosfomycin
1023,fosinopril
1024,fosphenytoin
1025,fostamatinib
1026,fostemsavir
1027,fremanezumab
1028,frovatriptan
1029,fructooligosaccharide
1030,fructose
1031,fulvestrant
1032,furazolidone
1033,furosemide
1034,gabapentin
1035,gadobenate
1036,gadobutrol
1037,gadodiamide
1038,gadofosveset
1039,gadopentetate_dimeglumine
1040,gadoterate_meglumine
1041,gadoteridol
1042,gadoxetate
1043,galantamine
1044,galcanezumab
1045,gallium
1046,Galphimia_glauca_flowering_top_extract
1047,galsulfase
1048,gamboge
1049,gamma_aminobutyrate
1050,gamma_linoleic_acid
1051,gamma_linolenate
1052,ganciclovir
1053,ganirelix
1054,garlic_powder
1055,garlic_preparation
1056,gatifloxacin
1057,gefitinib
1058,gelatin
1059,gemcitabine
1060,gemfibrozil
1061,gemifloxacin
1062,gemtuzumab_ozogamicin
1063,genistein
1064,gentamicin
1065,gentian_violet
1066,geranium_oil__Algerian_type
1067,gilteritinib
1068,ginger_extract
1069,ginger_root
1070,Ginkgo_biloba_extract
1071,Ginkgo_biloba_seed_extract
1072,ginseng_preparation
1073,ginseng_root
1074,givosiran
1075,glasdegib
1076,glatiramer
1077,glecaprevir
1078,gliclazide
1079,glimepiride
1080,glipizide
1081,glucagon
1082,glucarpidase
1083,glucomannan
1084,gluconolactone
1085,glucosamine
1086,glucose_oxidase
1087,glucose
1088,glutamate
1089,glutamine
1090,glutaral
1091,glutathione
1092,glyburide
1093,glycerin
1094,glycerol_phenylbutyrate
1095,glyceryl_phosphate
1096,glycine
1097,glycolate
1098,glycopyrronium
1099,Glycyrrhiza_glabra_extract
1100,gold
1101,golimumab
1102,golodirsen
1103,goserelin
1104,gozetotide
1105,gramicidin
1106,granisetron
1107,grape_extract
1108,grape_seed_extract
1109,grape_seed
1110,grapefruit_oil
1111,grazoprevir
1112,green_tea_extract
1113,green_tea_leaf_extract
1114,griseofulvin
1115,guaiacolsulfonate
1116,guaifenesin
1117,guanfacine
1118,guanidine
1119,guar_gum
1120,guarana_preparation
1121,guggul_lipids
1122,guselkumab
1123,Gymnema_sylvestre_leaf_extract
1124,Gymnema_sylvestre_preparation
1125,Haemophilus_capsular_oligosaccharide
1126,Haemophilus_influenzae_b__Ross_strain__capsular_polysaccharide_meningococcal_protein_conjugate_vaccine
1127,Haemophilus_influenzae_type_b__capsular_polysaccharide_inactivated_tetanus_toxoid_conjugate_vaccine
1128,halcinonide
1129,halobetasol
1130,haloperidol
1131,Hamamelis_virginiana_root_bark_stem_bark_extract
1132,hawthorn_berry
1133,hawthorn_preparation
1134,heavy_mineral_oil
1135,heme_iron_polypeptide
1136,hemin
1137,hemp
1138,heparin
1139,hepatitis_A_vaccine__inactivated__strain_HM175
1140,hepatitis_A_virus_strain_CR_326F_antigen__inactivated
1141,hepatitis_B_immune_globulin
1142,hepatitis_B_surface_antigen_vaccine
1143,heroin
1144,herpesvirus_1__human
1145,hesperidin
1146,hetastarch
1147,hexachlorophene
1148,hexyl_5_aminolevulinate
1149,hexylresorcinol
1150,histamine
1151,histidine
1152,histoplasmin
1153,histrelin
1154,homatropine
1155,honey_bee_venom
1156,horse_chestnut_preparation
1157,horse_chestnut_seed
1158,human_bovine_reassortant_rotavirus_strain_G1_vaccine
1159,human_bovine_reassortant_rotavirus_strain_G2_vaccine
1160,human_bovine_reassortant_rotavirus_strain_G3_vaccine
1161,human_bovine_reassortant_rotavirus_strain_G4_vaccine
1162,human_bovine_reassortant_rotavirus_strain_P1A_8__vaccine
1163,human_colostrum
1164,human_vaccinia_immune_globulin
1165,Huperzia_serrata_extract
1166,hyaluronate
1167,hyaluronidase
1168,hydralazine
1169,hydrochloric_acid
1170,hydrochlorothiazide
1171,hydrocodone
1172,hydrocortisone
1173,hydrogen_peroxide
1174,hydrogen
1175,hydrolysed_bovine_collagen__enzymatic__2000_5000_MW_
1176,hydromorphone
1177,hydroquinone
1178,hydroxocobalamin
1179,hydroxychloroquine
1180,hydroxyethyl_cellulose
1181,hydroxypropylcellulose
1182,hydroxyurea
1183,hydroxyzine
1184,hylan_G_F_20
1185,hyoscyamine
1186,hypochlorite_ion
1187,hypochlorite
1188,hypromellose
1189,ibalizumab
1190,ibandronate
1191,ibrexafungerp
1192,ibritumomab_tiuxetan
1193,ibrutinib
1194,ibuprofen
1195,ibutilide
1196,icatibant
1197,ichthammol
1198,icodextrin
1199,icosapent_ethyl
1200,idarubicin
1201,idarucizumab
1202,idebenone
1203,idelalisib
1204,idoxuridine
1205,idursulfase
1206,ifosfamide
1207,iloperidone
1208,iloprost
1209,imatinib
1210,imdevimab
1211,imiglucerase
1212,imipenem
1213,imipramine
1214,imiquimod
1215,immunoglobulin_G
1216,inclisiran
1217,indacaterol
1218,indapamide
1219,indigotindisulfonate
1220,indinavir
1221,indium
1222,indocyanine_green
1223,indole
1224,indomethacin
1225,inebilizumab
1226,inert_ingredients
1227,infigratinib
1228,infliximab
1229,influenza_A_California_7_2009__H1N1_v_like_virus_vaccine
1230,influenza_A_virus__H1N1__antigen
1231,influenza_A_virus__H3N2__antigen
1232,influenza_A_virus_vaccine__A_Texas_50_2012__H3N2__like_virus
1233,influenza_A_virus_vaccine__A_Victoria_361_2011__H3N2__like_virus
1234,influenza_A_virus
1235,influenza_B_virus_antigen
1236,influenza_B_virus_vaccine__B_Massachusetts_2_2012_like_virus
1237,influenza_B_virus_vaccine__B_Wisconsin_1_2010_like_virus
1238,influenza_B_virus_vaccine_B_Brisbane_60_2008_antigen
1239,influenza_virus_vaccine__inactivated_A_Victoria_210_2009_X_187__H3N2___A_Perth_16_2009__strain
1240,ingenol_mebutate
1241,inositol
1242,inotersen
1243,inotuzumab_ozogamicin
1244,insulin__pork
1245,insulin__prompt_zinc__beef_pork
1246,insulin__protamine_zinc__beef_pork
1247,insulin__protamine_zinc__beef
1248,insulin__regular__beef_pork
1249,insulin__regular__beef
1250,insulin__regular__human
1251,insulin__regular__pork
1252,insulin_aspart__human
1253,insulin_aspart_protamine__human
1254,insulin_degludec
1255,insulin_detemir
1256,insulin_glargine
1257,insulin_glulisine__human
1258,insulin_isophane
1259,insulin_lispro_protamine__human
1260,insulin_lispro
1261,interferon_alfa_2a
1262,interferon_alfa_2b
1263,interferon_alfa_n3
1264,interferon_alfacon_1
1265,interferon_beta_1a
1266,interferon_beta_1b
1267,interferon_gamma_1b
1268,intrinsic_factor
1269,inulin
1270,iodine
1271,iodixanol
1272,iodoform
1273,iodoquinol
1274,ioflupane
1275,iohexol
1276,iopamidol
1277,iopanoic_acid
1278,iothalamate
1279,ioversol
1280,ipecac
1281,ipilimumab
1282,ipratropium
1283,irbesartan
1284,irinotecan
1285,Iris_versicolor_whole_extract
1286,iron_carbonyl
1287,iron_dextran_complex
1288,iron_fumarate
1289,iron_polysaccharide
1290,iron_protein_succinylate
1291,iron_succinyl_milk_protein_complex
1292,iron_sucrose
1293,iron
1294,isatuximab
1295,isavuconazonium
1296,iso_sulfan_blue
1297,isocarboxazid
1298,isoetharine
1299,isoflurane
1300,isoleucine
1301,isometheptene
1302,isoniazid
1303,isopropyl_alcohol
1304,isopropyl_unoprostone
1305,isoproterenol
1306,isosorbide_dinitrate
1307,isosorbide
1308,isotretinoin
1309,isoxsuprine
1310,isradipine
1311,istradefylline
1312,itraconazole
1313,ivabradine
1314,ivacaftor
1315,ivermectin
1316,ivosidenib
1317,ixabepilone
1318,ixazomib
1319,ixekizumab
1320,Japanese_encephalitis_virus_vaccine__inactivated
1321,josamycin
1322,kanamycin
1323,kaolin
1324,kelp_preparation
1325,Kentucky_bluegrass_pollen_extract
1326,ketamine
1327,ketoconazole
1328,ketoprofen
1329,ketorolac
1330,ketotifen
1331,kinetin
1332,kojic_acid
1333,Korean_ginseng_root
1334,krill_oil
1335,L1_protein__human_papillomavirus_type_11_vaccine
1336,L1_protein__human_papillomavirus_type_16_vaccine
1337,L1_protein__human_papillomavirus_type_18_vaccine
1338,L1_protein__human_papillomavirus_type_31_vaccine
1339,L1_protein__human_papillomavirus_type_33_vaccine
1340,L1_protein__human_papillomavirus_type_45_vaccine
1341,L1_protein__human_papillomavirus_type_52_vaccine
1342,L1_protein__human_papillomavirus_type_58_vaccine
1343,L1_protein__human_papillomavirus_type_6_vaccine
1344,labetalol
1345,lacosamide
1346,lactase
1347,lactate
1348,Lacticaseibacillus_casei
1349,Lacticaseibacillus_rhamnosus
1350,Lactobacillus_acidophilus
1351,Lactobacillus_delbrueckii_subsp__bulgaricus
1352,lactoferrin
1353,lactoperoxidase
1354,lactose
1355,lactulose
1356,lamivudine
1357,lamotrigine
1358,lanadelumab
1359,lanolin
1360,lanreotide
1361,lansoprazole
1362,lanthanum_carbonate
1363,lanthanum
1364,lapatinib
1365,laronidase
1366,larotrectinib
1367,lasmiditan
1368,latanoprost
1369,latanoprostene_bunod
1370,latex
1371,lavender_oil
1372,lead
1373,lecithin
1374,ledipasvir
1375,lefamulin
1376,leflunomide
1377,lemborexant
1378,lemon_oil
1379,lenalidomide
1380,lente_insulin__beef_pork
1381,lente_insulin__beef
1382,lente_insulin__human
1383,lente_insulin__pork
1384,lenvatinib
1385,lepirudin
1386,Leptospermum_scoparium_leaf_extract
1387,lercanidipine
1388,lesinurad
1389,letermovir
1390,letrozole
1391,leucine
1392,leucovorin
1393,leuprolide
1394,levalbuterol
1395,levetiracetam
1396,levobunolol
1397,levocabastine
1398,levocarnitine
1399,levocetirizine
1400,levodopa
1401,levofloxacin
1402,levoleucovorin
1403,levomefolate
1404,levomilnacipran
1405,levonorgestrel
1406,levorphanol
1407,levothyroxine
1408,licorice_root_extract
1409,licorice
1410,lidocaine
1411,lifitegrast
1412,Limosilactobacillus_reuteri
1413,linaclotide
1414,linagliptin
1415,lincomycin
1416,lindane
1417,linezolid
1418,linoleate
1419,linoleic_acids__conjugated
1420,linseed_oil
1421,liothyronine
1422,lipase
1423,liraglutide
1424,lisdexamfetamine
1425,lisinopril
1426,lithium_aspartate
1427,lithium_carbonate
1428,lithium_citrate
1429,lithium
1430,liver_stomach_concentrate
1431,lixisenatide
1432,lodoxamide
1433,lofexidine
1434,lomitapide
1435,lomustine
1436,lonapegsomatropin
1437,loncastuximab_tesirine
1438,loperamide
1439,lopinavir
1440,loracarbef
1441,loratadine
1442,lorazepam
1443,lorcaserin
1444,lorlatinib
1445,losartan
1446,loteprednol_etabonate
1447,loteprednol
1448,lovastatin
1449,loxapine
1450,lubiprostone
1451,Luffa_operculata_whole_extract
1452,luliconazole
1453,lumacaftor
1454,Lumateperone
1455,lumefantrine
1456,lurasidone
1457,lurbinectedin
1458,luspatercept
1459,lusutrombopag
1460,lutein
1461,luteinizing_hormone
1462,lutetium
1463,lutropin_alfa
1464,Lycium_barbarum_root_bark_extract
1465,lycopene
1466,Lycopodium_clavatum_whole_extract
1467,lymphocyte_immune_globulin__anti_thymocyte_globulin
1468,lysine
1469,maca_preparation
1470,macimorelin
1471,macitentan
1472,mafenide
1473,magaldrate
1474,magnesium__chelated
1475,magnesium_acetate
1476,magnesium_amino_acid_chelate
1477,magnesium_aspartate
1478,magnesium_carbonate
1479,magnesium_chloride
1480,magnesium_citrate
1481,magnesium_gluconate
1482,magnesium_glycinate
1483,magnesium_hydroxide
1484,magnesium_lactate
1485,magnesium_malate
1486,magnesium_oxide
1487,magnesium_salicylate
1488,magnesium_silicate
1489,magnesium_sulfate
1490,magnesium_trisilicate
1491,magnesium
1492,malathion
1493,maleate
1494,malic_acid
1495,maltodextrin
1496,Mandragora_officinarum_root_extract
1497,manganese_chloride
1498,manganese_gluconate
1499,manganese_sulfate
1500,manganese
1501,mannitol
1502,mannose
1503,maprotiline
1504,maralixibat
1505,maraviroc
1506,maribavir
1507,Matricaria_recutita_extract
1508,measles_virus_vaccine_live__Enders__attenuated_Edmonston_strain
1509,mebendazole
1510,mebrofenin
1511,mecasermin
1512,mechlorethamine
1513,meclizine
1514,meclofenamate
1515,mecobalamin
1516,medium_chain_triglycerides
1517,medorrhinum
1518,medroxyprogesterone
1519,mefenamate
1520,mefloquine
1521,megestrol
1522,melatonin
1523,meloxicam
1524,melphalan_flufenamide
1525,melphalan
1526,memantine
1527,menatetrenone
1528,meningococcal_group_A_polysaccharide
1529,meningococcal_group_B_vaccine
1530,meningococcal_group_C_polysaccharide
1531,meningococcal_polysaccharide_vaccine_group_W_135
1532,meningococcal_polysaccharide_vaccine_group_Y
1533,menthol
1534,mepenzolate
1535,meperidine
1536,mephenytoin
1537,mephobarbital
1538,mepivacaine
1539,mepolizumab
1540,meprobamate
1541,mequinol
1542,mequitazine
1543,mercaptopurine
1544,mercury__ammoniated
1545,meropenem
1546,mesalamine
1547,mesna
1548,mesoridazine
1549,mestranol
1550,mesylate
1551,metaproterenol
1552,metaraminol
1553,metaxalone
1554,metformin
1555,methacholine
1556,methadone
1557,methamphetamine
1558,methazolamide
1559,methenamine
1560,methicillin
1561,methimazole
1562,methionine
1563,methocarbamol
1564,methohexital
1565,methotrexate
1566,methoxsalen
1567,methoxy_polyethylene_glycol_epoetin_beta
1568,methscopolamine
1569,methsuximide
1570,methyclothiazide
1571,methyl_salicylate
1572,methylcellulose
1573,methyldopa
1574,methyldopate
1575,methylene_blue
1576,methylergonovine
1577,methylfolic_acid
1578,methylnaltrexone
1579,methylparaben
1580,methylphenidate
1581,methylprednisolone
1582,methylsulfonylmethane
1583,methyltestosterone
1584,metipranolol
1585,metoclopramide
1586,metolazone
1587,metoprolol
1588,metreleptin
1589,metronidazole
1590,metyrapone
1591,metyrosine
1592,mexiletine
1593,micafungin
1594,miconazole
1595,microcrystalline_cellulose
1596,midazolam
1597,midodrine
1598,midostaurin
1599,mifepristone
1600,migalastat
1601,miglitol
1602,miglustat
1603,milk_thistle_extract
1604,milk_thistle_fruit
1605,milk_thistle_seed
1606,milnacipran
1607,milrinone
1608,miltefosine
1609,mineral_oil__light
1610,mineral_oil
1611,minocycline
1612,minoxidil
1613,mirabegron
1614,mirtazapine
1615,misoprostol
1616,mitomycin
1617,mitotane
1618,mitoxantrone
1619,mivacurium
1620,mobocertinib
1621,moclobemide
1622,modafinil
1623,moexipril
1624,mogamulizumab
1625,molindone
1626,molnupiravir
1627,molybdenum
1628,mometasone
1629,Momordica_charantia_fruit_extract
1630,Monascus_purpureus_West
1631,monobenzone
1632,monofluorophosphate
1633,montelukast
1634,moricizine
1635,Morinda_citrifolia_extract
1636,Moringa_oleifera_bark_extract
1637,morphine
1638,moxifloxacin
1639,mumps_virus_vaccine_live__Jeryl_Lynn_strain
1640,mupirocin
1641,muramidase
1642,muromonab_CD3
1643,mycophenolate_mofetil
1644,mycophenolate
1645,mycophenolic_acid
1646,nabilone
1647,nabumetone
1648,NADH
1649,nadolol
1650,nafarelin
1651,nafcillin
1652,naftifine
1653,nalbuphine
1654,naldemedine
1655,nalidixate
1656,nalmefene
1657,naloxegol
1658,naloxone
1659,naltrexone
1660,nandrolone
1661,naphazoline
1662,naproxen
1663,naratriptan
1664,natalizumab
1665,natamycin
1666,nateglinide
1667,nattokinase
1668,nebivolol
1669,nedocromil
1670,nefazodone
1671,Neisseria_meningitidis_serogroup_A_capsular_polysaccharide_diphtheria_toxoid_protein_conjugate_vaccine
1672,Neisseria_meningitidis_serogroup_A_capsular_polysaccharide_tetanus_toxoid_protein_conjugate_vaccine
1673,Neisseria_meningitidis_serogroup_A_oligosaccharide_diphtheria_CRM197_protein_conjugate_vaccine
1674,Neisseria_meningitidis_serogroup_C_capsular_polysaccharide_diphtheria_toxoid_protein_conjugate_vaccine
1675,Neisseria_meningitidis_serogroup_C_capsular_polysaccharide_tetanus_toxoid_protein_conjugate_vaccine
1676,Neisseria_meningitidis_serogroup_C_oligosaccharide_diphtheria_CRM197_protein_conjugate_vaccine
1677,Neisseria_meningitidis_serogroup_W_135_capsular_polysaccharide_diphtheria_toxoid_protein_conjugate_vaccine
1678,Neisseria_meningitidis_serogroup_W_135_capsular_polysaccharide_tetanus_toxoid_protein_conjugate_vaccine
1679,Neisseria_meningitidis_serogroup_W_135_oligosaccharide_diphtheria_CRM197_protein_conjugate_vaccine
1680,Neisseria_meningitidis_serogroup_Y_capsular_polysaccharide_diphtheria_toxoid_protein_conjugate_vaccine
1681,Neisseria_meningitidis_serogroup_Y_capsular_polysaccharide_tetanus_toxoid_protein_conjugate_vaccine
1682,Neisseria_meningitidis_serogroup_Y_oligosaccharide_diphtheria_CRM197_protein_conjugate_vaccine
1683,Neisseria_meningitidis
1684,nelarabine
1685,nelfinavir
1686,neomycin
1687,neostigmine
1688,nepafenac
1689,neratinib
1690,nesiritide
1691,netarsudil
1692,netilmicin
1693,nettle_pollen_extract
1694,netupitant
1695,nevirapine
1696,niacin
1697,niacinamide
1698,nicardipine
1699,niclosamide
1700,nicorandil
1701,nicotinamide_adenine_dinucleotide__NAD_
1702,nicotine
1703,nifedipine
1704,nilotinib
1705,nilutamide
1706,nimesulide
1707,nimodipine
1708,nintedanib
1709,niraparib
1710,nirmatrelvir
1711,nisoldipine
1712,nitazoxanide
1713,nitisinone
1714,nitrazepam
1715,nitric_oxide
1716,nitrofurantoin
1717,nitrofurazone
1718,nitrogen
1719,nitroglycerin
1720,nitroprusside
1721,nivolumab
1722,nizatidine
1723,nonoxynol_9
1724,norelgestromin
1725,norepinephrine
1726,norethindrone
1727,norfloxacin
1728,norgestimate
1729,norgestrel
1730,nortriptyline
1731,nusinersen
1732,nystatin
1733,oat_bran
1734,obeticholic_acid
1735,obinutuzumab
1736,ocrelizumab
1737,ocriplasmin
1738,octanoic_acid
1739,octoxynol
1740,octreotide
1741,odevixibat
1742,ofatumumab
1743,ofloxacin
1744,oil_of_garlic
1745,oil_of_ginger
1746,olanzapine
1747,olaparib
1748,olaratumab
1749,olive_leaf_extract
1750,olive_oil
1751,olmesartan
1752,olodaterol
1753,olopatadine
1754,olsalazine
1755,omacetaxine_mepesuccinate
1756,omadacycline
1757,omalizumab
1758,ombitasvir
1759,omega_3_acid_ethyl_esters__USP_
1760,omega_3_fatty_acids
1761,omeprazole
1762,ondansetron
1763,opicapone
1764,opium
1765,oprelvekin
1766,orange_oil
1767,orchard_grass_pollen_extract
1768,oregano_oil
1769,oritavancin
1770,orlistat
1771,ornithine
1772,orphenadrine
1773,oseltamivir
1774,osilodrostat
1775,osimertinib
1776,OspA_protein
1777,ospemifene
1778,oxacillin
1779,oxaliplatin
1780,oxandrolone
1781,oxaprozin
1782,oxazepam
1783,oxcarbazepine
1784,oxiconazole
1785,oxybate
1786,oxybutynin
1787,oxycodone
1788,oxygen
1789,oxymetazoline
1790,oxymetholone
1791,oxymorphone
1792,oxyquinoline
1793,oxytocin
1794,ozanimod
1795,ozenoxacin
1796,paclitaxel
1797,palbociclib
1798,palifermin
1799,paliperidone
1800,palivizumab
1801,palonosetron
1802,pamabrom
1803,pamidronate
1804,pancreatin
1805,pancrelipase
1806,pancuronium
1807,panitumumab
1808,panobinostat
1809,pantethine
1810,panthenol
1811,pantoprazole
1812,pantothenate
1813,pantothenic_acid
1814,papain
1815,papaverine
1816,papaya_extract
1817,paraffin
1818,parathyroid_hormone
1819,paregoric
1820,paricalcitol
1821,paritaprevir
1822,paromomycin
1823,paroxetine
1824,pasireotide
1825,patiromer
1826,patisiran
1827,pau_d_arco_preparation
1828,pazopanib
1829,peanut_allergenic_extract
1830,pectin
1831,pegaptanib
1832,pegaspargase
1833,pegfilgrastim
1834,peginesatide
1835,peginterferon_alfa_2a
1836,peginterferon_alfa_2b
1837,peginterferon_beta_1a
1838,pegloticase
1839,pegvaliase
1840,pegvisomant
1841,pembrolizumab
1842,pemetrexed
1843,pemigatinib
1844,pemirolast
1845,pemoline
1846,penbutolol
1847,penciclovir
1848,penicillamine
1849,penicillin_G
1850,penicillin_V
1851,pentaerythritol
1852,pentamidine
1853,pentazocine
1854,pentetate
1855,pentobarbital
1856,pentosan_polysulfate
1857,pentostatin
1858,pentoxifylline
1859,peppermint_oil
1860,peppermint_preparation
1861,pepsin_A
1862,peramivir
1863,perampanel
1864,perennial_rye_grass_pollen_extract
1865,perflutren
1866,pergolide
1867,perindopril
1868,permethrin
1869,perphenazine
1870,pertuzumab
1871,Peruvian_balsam
1872,petrolatum
1873,pexidartinib
1874,phenazopyridine
1875,phendimetrazine
1876,phenelzine
1877,pheniramine
1878,phenobarbital
1879,phenol
1880,phenolphthalein
1881,phenoxybenzamine
1882,phentermine
1883,phentolamine
1884,phenyl_salicylate
1885,phenylacetate
1886,phenylalanine
1887,phenylbutyrate
1888,phenylephrine
1889,phenylpropanolamine
1890,phenyltoloxamine
1891,phenytoin
1892,phosphatidylcholine__soybean
1893,phosphatidylserine
1894,phosphoric_acid
1895,phosphorus
1896,physostigmine
1897,phytosterol_esters
1898,phytosterols
1899,pibrentasvir
1900,picosulfurate
1901,pilocarpine
1902,pimavanserin
1903,pimecrolimus
1904,pimozide
1905,pinaverium
1906,pindolol
1907,pine_needle_oil__pinus_mugo_
1908,Pinus_pinaster_whole_extract
1909,pioglitazone
1910,Piper_methysticum_root_extract
1911,piperacillin
1912,piperine
1913,piperonyl_butoxide
1914,piracetam
1915,pirbuterol
1916,pirfenidone
1917,piroxicam
1918,pitavastatin
1919,pitolisant
1920,placebo
1921,plant_stanol_ester
1922,Plantago_seed
1923,plecanatide
1924,plerixafor
1925,podofilox
1926,podophyllin
1927,polatuzumab_vedotin
1928,policosanol
1929,polidocanol
1930,poliovirus_vaccine_inactivated__type_1__Mahoney_
1931,poliovirus_vaccine_inactivated__type_2__MEF_1_
1932,poliovirus_vaccine_inactivated__type_3__Saukett_
1933,poliovirus
1934,polyethylene_glycol_1000
1935,polyethylene_glycol_1450
1936,polyethylene_glycol_1500
1937,polyethylene_glycol_300
1938,polyethylene_glycol_3350
1939,polyethylene_glycol_400
1940,polyethylene_glycol_4500
1941,polyethylene_glycol_8000
1942,polyethylene_glycols
1943,polymyxin_B
1944,Polypodium_leucotomos
1945,polysaccharide_iron_complex
1946,polysorbate_20
1947,polysorbate_80
1948,polyvinyl_alcohol
1949,pomalidomide
1950,pomegranate_extract
1951,pomegranate_fruit_rind_extract
1952,ponatinib
1953,ponesimod
1954,posaconazole
1955,potassium_acetate
1956,potassium_aminobenzoate
1957,potassium_aspartate
1958,potassium_bicarbonate
1959,potassium_bitartrate
1960,potassium_bromide
1961,potassium_chelated
1962,potassium_chloride
1963,potassium_citrate
1964,potassium_gluconate
1965,potassium_iodate
1966,potassium_iodide
1967,potassium_nitrate
1968,potassium_phosphate
1969,potassium_sorbate
1970,potassium_sulfate
1971,potassium_tartrate
1972,potassium
1973,povidone_iodine
1974,povidone
1975,pralatrexate
1976,pralidoxime
1977,pralsetinib
1978,pramipexole
1979,pramlintide
1980,pramoxine
1981,prasterone
1982,prasugrel
1983,pravastatin
1984,praziquantel
1985,prazosin
1986,prednicarbate
1987,prednisolone
1988,prednisone
1989,pregabalin
1990,pregna_4_17_diene_3_16_dione
1991,pregnenolone
1992,prilocaine
1993,primaquine
1994,primidone
1995,probenecid
1996,procainamide
1997,procaine
1998,procarbazine
1999,prochlorperazine
2000,procyclidine
2001,progesterone
2002,proguanil
2003,prolactin
2004,proline
2005,promazine
2006,promethazine
2007,propafenone
2008,propantheline
2009,proparacaine
2010,propinox
2011,propionic_acid
2012,propofol
2013,propolis
2014,propoxyphene
2015,propranolol
2016,propylene_glycol
2017,propylene
2018,propylhexedrine
2019,propylparaben
2020,propylthiouracil
2021,protamine_sulfate__USP_
2022,protease
2023,protein_C
2024,protein_S
2025,prothrombin
2026,protriptyline
2027,prucalopride
2028,pseudoephedrine
2029,psyllium
2030,Pulsatilla_vulgaris_extract
2031,pumice
2032,pumpkin_seed_extract
2033,pumpkin_seed_oil
2034,Punica_granatum_flower_extract
2035,purified_protein_derivative_of_tuberculin
2036,Pygeum_africanum_preparation
2037,pyrantel
2038,pyrazinamide
2039,pyrethrins
2040,pyridostigmine
2041,pyridoxal
2042,pyridoxine
2043,pyrilamine
2044,pyrimethamine
2045,pyrithione
2046,quazepam
2047,quercetin
2048,quetiapine
2049,quinacrine
2050,quinapril
2051,quinidine
2052,quinine
2053,quinupristin
2054,rabeprazole
2055,rabies_immune_globulin__human
2056,rabies_virus_vaccine_flury_lep_strain
2057,rabies_virus_vaccine_wistar_strain_PM_1503_3M__human___inactivated
2058,racepinephrine
2059,radium
2060,raloxifene
2061,raltegravir
2062,ramelteon
2063,ramipril
2064,ramucirumab
2065,ranibizumab
2066,ranitidine
2067,ranolazine
2068,rasagiline
2069,rasburicase
2070,raspberry_extract
2071,Rauwolfia_preparation
2072,ravulizumab
2073,red_yeast_rice
2074,regadenoson
2075,regorafenib
2076,relebactam
2077,relugolix
2078,remdesivir
2079,remifentanil
2080,repaglinide
2081,reserpine
2082,reslizumab
2083,resorcinol
2084,respiratory_syncytial_virus_immune_globulin_intravenous
2085,resveratrol
2086,retapamulin
2087,revefenacin
2088,Rho_D__immune_globulin
2089,Rhodiola_kirilowii_whole_extract
2090,ribavirin
2091,ribociclib
2092,riboflavin_5__phosphate
2093,riboflavin
2094,ribose
2095,rifabutin
2096,rifampin
2097,rifamycin_SV
2098,rifapentine
2099,rifaximin
2100,rilonacept
2101,rilpivirine
2102,riluzole
2103,rimantadine
2104,Rimegepant
2105,rimexolone
2106,riociguat
2107,ripretinib
2108,risankizumab
2109,Risdiplam
2110,risedronate
2111,risperidone
2112,ritonavir
2113,rituximab
2114,rivaroxaban
2115,rivastigmine
2116,rizatriptan
2117,RNA
2118,rocuronium
2119,rofecoxib
2120,roflumilast
2121,rolapitant
2122,romidepsin
2123,romiplostim
2124,romosozumab
2125,ropeginterferon_alfa_2b
2126,ropinirole
2127,ropivacaine
2128,rose_oil
2129,rosemary_oil
2130,rosiglitazone
2131,rosuvastatin
2132,rotavirus_vaccine__live_attenuated__G1P_8__human_89_12_strain
2133,rotigotine
2134,royal_jelly
2135,rubella_virus_vaccine_live__Wistar_RA_27_3_strain_
2136,rucaparib
2137,rufinamide
2138,rutin
2139,ruxolitinib
2140,S_adenosylmethionine
2141,Saccharomyces_boulardii
2142,saccharomyces_cerevisiae_allergenic_extract
2143,Saccharomyces_cerevisiae
2144,sacituzumab
2145,sacrosidase
2146,sacubitril
2147,safflower_oil
2148,safinamide
2149,salicylamide
2150,salicylic_acid
2151,salmeterol
2152,salmon_calcitonin
2153,salmon_oil
2154,Salmonella_typhi_Ty21a_live_antigen
2155,salsalate
2156,Sambucus_nigra_flower_oil
2157,samidorphan
2158,sangre_de_grado
2159,Sanguinaria_canadensis_extract
2160,sapropterin
2161,saquinavir
2162,sarecycline
2163,sargramostim
2164,sarilumab
2165,SARS_CoV_2__COVID_19__vaccine__mRNA_spike_protein
2166,SARS_COV_2__COVID_19__vaccine__vector_non_replicating
2167,satralizumab
2168,saw_palmetto_extract
2169,saw_palmetto_fruit_extract
2170,saxagliptin
2171,scopolamine
2172,sebelipase_alfa
2173,secnidazole
2174,secobarbital
2175,secretin_human__synthetic
2176,secretin
2177,secukinumab
2178,segesterone
2179,selegiline
2180,selenious_acid
2181,selenite
2182,selenium_sulfide
2183,selenium
2184,selexipag
2185,selinexor
2186,selpercatinib
2187,selumetinib
2188,semaglutide
2189,Senna_leaf_extract
2190,sennosides__USP
2191,serdexmethylphenidate
2192,Serenoa_repens_whole_extract
2193,serine
2194,sermorelin
2195,serotonin
2196,sertaconazole
2197,sertraline
2198,sesame_oil
2199,setmelanotide
2200,sevelamer
2201,sevoflurane
2202,shark_cartilage_extract
2203,shark_liver_oil
2204,shea_butter
2205,short_ragweed_pollen_extract
2206,Siberian_ginseng_root
2207,sibutramine
2208,sildenafil
2209,silicon_dioxide
2210,silicon
2211,silicones
2212,silodosin
2213,siltuximab
2214,silver_nitrate
2215,silver_sulfadiazine
2216,silybum_marianum_seed_oil
2217,silymarin
2218,simeprevir
2219,simethicone
2220,simvastatin
2221,sincalide
2222,sinecatechins
2223,siponimod
2224,sipuleucel_T
2225,sirolimus
2226,sitagliptin
2227,sodium_acetate
2228,sodium_ascorbate
2229,sodium_bicarbonate
2230,sodium_bisulfite
2231,sodium_chloride
2232,sodium_citrate
2233,sodium_ferric_gluconate_complex
2234,sodium_fluoride
2235,sodium_gluconate
2236,sodium_iodide
2237,sodium_metabisulfite
2238,sodium_nitrite
2239,sodium_phosphate__dibasic
2240,sodium_phosphate__monobasic
2241,sodium_phosphate
2242,sodium_polystyrene_sulfonate
2243,sodium_propionate
2244,sodium_selenate
2245,sodium_sulfate
2246,sodium_tetradecyl_sulfate
2247,sodium_thiosulfate
2248,sodium_zirconium_cyclosilicate
2249,sodium
2250,sofosbuvir
2251,solfenacin
2252,solifenacin
2253,solriamfetol
2254,somatropin
2255,sonidegib
2256,sorafenib
2257,sorbitol
2258,sotalol
2259,sotorasib
2260,sotrovimab
2261,soy_protein_isolate
2262,soybean_lecithin
2263,soybean_oil
2264,spinosad
2265,spironolactone
2266,Spirulina
2267,St__John_s_wort_extract
2268,stannous_fluoride
2269,stanozolol
2270,starch
2271,stavudine
2272,Stevia_rebaudiuna_leaf_extract
2273,steviol
2274,stinging_nettle_extract
2275,stiripentol
2276,Streptococcus_pneumoniae_serotype_1_capsular_antigen_diphtheria_CRM197_protein_conjugate_vaccine
2277,Streptococcus_pneumoniae_serotype_10A_capsular_antigen_diphtheria_CRM197_protein_conjugate_vaccine
2278,Streptococcus_pneumoniae_serotype_11A_capsular_antigen_diphtheria_CRM197_protein_conjugate_vaccine
2279,Streptococcus_pneumoniae_serotype_12F_capsular_antigen_diphtheria_CRM197_protein_conjugate_vaccine
2280,Streptococcus_pneumoniae_serotype_14_capsular_antigen_diphtheria_CRM197_protein_conjugate_vaccine
2281,Streptococcus_pneumoniae_serotype_15B_capsular_antigen_diphtheria_CRM197_protein_conjugate_vaccine
2282,Streptococcus_pneumoniae_serotype_18C_capsular_antigen_diphtheria_CRM197_protein_conjugate_vaccine
2283,Streptococcus_pneumoniae_serotype_19A_capsular_antigen_diphtheria_CRM197_protein_conjugate_vaccine
2284,Streptococcus_pneumoniae_serotype_19F_capsular_antigen_diphtheria_CRM197_protein_conjugate_vaccine
2285,Streptococcus_pneumoniae_serotype_22F_capsular_antigen_diphtheria_CRM197_protein_conjugate_vaccine
2286,Streptococcus_pneumoniae_serotype_23F_capsular_antigen_diphtheria_CRM197_protein_conjugate_vaccine
2287,Streptococcus_pneumoniae_serotype_3_capsular_antigen_diphtheria_CRM197_protein_conjugate_vaccine
2288,Streptococcus_pneumoniae_serotype_33F_capsular_antigen_diphtheria_CRM197_protein_conjugate_vaccine
2289,Streptococcus_pneumoniae_serotype_4_capsular_antigen_diphtheria_CRM197_protein_conjugate_vaccine
2290,Streptococcus_pneumoniae_serotype_5_capsular_antigen_diphtheria_CRM197_protein_conjugate_vaccine
2291,Streptococcus_pneumoniae_serotype_6A_capsular_antigen_diphtheria_CRM197_protein_conjugate_vaccine
2292,Streptococcus_pneumoniae_serotype_6B_capsular_antigen_diphtheria_CRM197_protein_conjugate_vaccine
2293,Streptococcus_pneumoniae_serotype_7F_capsular_antigen_diphtheria_CRM197_protein_conjugate_vaccine
2294,Streptococcus_pneumoniae_serotype_8_capsular_antigen_diphtheria_CRM197_protein_conjugate_vaccine
2295,Streptococcus_pneumoniae_serotype_9V_capsular_antigen_diphtheria_CRM197_protein_conjugate_vaccine
2296,Streptococcus_pneumoniae_type_1_capsular_polysaccharide_antigen
2297,Streptococcus_pneumoniae_type_10A_capsular_polysaccharide_antigen
2298,Streptococcus_pneumoniae_type_11A_capsular_polysaccharide_antigen
2299,Streptococcus_pneumoniae_type_12F_capsular_polysaccharide_antigen
2300,Streptococcus_pneumoniae_type_14_capsular_polysaccharide_antigen
2301,Streptococcus_pneumoniae_type_15B_capsular_polysaccharide_antigen
2302,Streptococcus_pneumoniae_type_17F_capsular_polysaccharide_antigen
2303,Streptococcus_pneumoniae_type_18C_capsular_polysaccharide_antigen
2304,Streptococcus_pneumoniae_type_19A_capsular_polysaccharide_antigen
2305,Streptococcus_pneumoniae_type_19F_capsular_polysaccharide_antigen
2306,Streptococcus_pneumoniae_type_2_capsular_polysaccharide_antigen
2307,Streptococcus_pneumoniae_type_20_capsular_polysaccharide_antigen
2308,Streptococcus_pneumoniae_type_22F_capsular_polysaccharide_antigen
2309,Streptococcus_pneumoniae_type_23F_capsular_polysaccharide_antigen
2310,Streptococcus_pneumoniae_type_3_capsular_polysaccharide_antigen
2311,Streptococcus_pneumoniae_type_33F_capsular_polysaccharide_antigen
2312,Streptococcus_pneumoniae_type_4_capsular_polysaccharide_antigen
2313,Streptococcus_pneumoniae_type_5_capsular_polysaccharide_antigen
2314,Streptococcus_pneumoniae_type_6B_capsular_polysaccharide_antigen
2315,Streptococcus_pneumoniae_type_7F_capsular_polysaccharide_antigen
2316,Streptococcus_pneumoniae_type_8_capsular_polysaccharide_antigen
2317,Streptococcus_pneumoniae_type_9N_capsular_polysaccharide_antigen
2318,Streptococcus_pneumoniae_type_9V_capsular_polysaccharide_antigen
2319,streptokinase
2320,streptomycin
2321,streptozocin
2322,strontium_chloride
2323,strontium_nitrate
2324,strontium
2325,succimer
2326,succinic_acid
2327,succinylcholine
2328,sucralfate
2329,sucroferric_oxyhydroxide
2330,sufentanil
2331,sugammadex
2332,sulbactam
2333,sulconazole
2334,sulfabenzamide
2335,sulfacetamide
2336,sulfadiazine
2337,sulfamethizole
2338,sulfamethoxazole
2339,sulfanilamide
2340,sulfasalazine
2341,sulfathiazole
2342,sulfinpyrazone
2343,sulfisoxazole
2344,sulfonated_phenol
2345,sulfur_hexafluoride
2346,sulfur
2347,sulfurated_lime
2348,sulfuric_acid
2349,sulindac
2350,sulpiride
2351,sumatriptan
2352,sunflower_oil
2353,sunitinib
2354,sutimlimab
2355,suvorexant
2356,sweet_vernal_grass_pollen_extract
2357,synthetic_conjugated_estrogens__A
2358,synthetic_conjugated_estrogens__B
2359,tacrine
2360,tacrolimus
2361,tadalafil
2362,tafamidis
2363,tafasitamab
2364,tafenoquine
2365,tafluprost
2366,tagraxofusp
2367,talazoparib
2368,talc
2369,taliglucerase_alfa
2370,tamoxifen
2371,tamsulosin
2372,tannic_acid
2373,tapentadol
2374,Taraxacum_officinale_whole_extract
2375,tartaric_acid
2376,tasimelteon
2377,taurine
2378,tavaborole
2379,tazarotene
2380,tazemetostat
2381,tazobactam
2382,tea_tree_oil
2383,tebentafusp
2384,technetium
2385,tecovirimat
2386,tedizolid
2387,teduglutide
2388,tegaserod
2389,telaprevir
2390,telavancin
2391,telbivudine
2392,telithromycin
2393,telmisartan
2394,telotristat_ethyl
2395,temazepam
2396,temozolomide
2397,temsirolimus
2398,tenapanor
2399,tenecteplase
2400,tenofovir_alafenamide
2401,tenofovir_disoproxil
2402,tenofovir
2403,tepotinib
2404,Teprotumumab
2405,terazosin
2406,terbinafine
2407,terbutaline
2408,terconazole
2409,terfenadine
2410,teriflunomide
2411,teriparatide
2412,tesamorelin
2413,testdrug
2414,testosterone
2415,tetanus_immune_globulin
2416,tetanus_toxoid_vaccine__inactivated
2417,tetrabenazine
2418,tetracaine
2419,tetracycline
2420,tetrahydrozoline
2421,tetrofosmin
2422,tezacaftor
2423,tezepelumab
2424,thalidomide
2425,thallium
2426,theanine
2427,theophylline
2428,thiabendazole
2429,thiamine
2430,thimerosal
2431,thioctate
2432,thioctic_acid_amide
2433,thioguanine
2434,thiopental
2435,thioridazine
2436,thiotepa
2437,thiothixene
2438,thonzonium
2439,thonzylamine
2440,threonine
2441,thrombin
2442,thymol_iodide
2443,thymol
2444,thyroid__porcine
2445,thyroid__USP_
2446,thyrotropin_alfa
2447,thyrotropin
2448,tiagabine
2449,tianeptine
2450,ticagrelor
2451,ticarcillin
2452,ticlopidine
2453,tigecycline
2454,tildrakizumab
2455,timolol
2456,Timothy_grass_pollen_extract
2457,tinidazole
2458,tinzaparin
2459,tioconazole
2460,tiopronin
2461,tiotropium
2462,tipiracil
2463,tipranavir
2464,tirbanibulin
2465,tirofiban
2466,tisotumab
2467,titanium_dioxide
2468,tivozanib
2469,tixagevimab
2470,tizanidine
2471,tobramycin
2472,tocainide
2473,tocilizumab
2474,tocopherol
2475,tocopheryl_acid_succinate_D_alpha
2476,tofacitinib
2477,tolazamide
2478,tolbutamide
2479,tolcapone
2480,tolmetin
2481,tolnaftate
2482,tolterodine
2483,tolvaptan
2484,topiramate
2485,topotecan
2486,toremifene
2487,torsemide
2488,trabectedin
2489,tralokinumab
2490,tramadol
2491,trametinib
2492,trandolapril
2493,tranexamic_acid
2494,tranylcypromine
2495,trastuzumab
2496,travoprost
2497,trazodone
2498,treprostinil
2499,tretinoin
2500,triacetin
2501,triamcinolone
2502,triamterene
2503,triazolam
2504,tricalcium_phosphate
2505,trichlormethiazide
2506,trichloroacetaldehyde
2507,trichloroacetate
2508,Trichophyton_antigen
2509,triclosan
2510,trientine
2511,triethanolamine_polypeptide_oleate_condensate
2512,triethanolamine
2513,trifarotene
2514,trifluoperazine
2515,triflupromazine
2516,trifluridine
2517,triheptanoin
2518,trihexyphenidyl
2519,trilaciclib
2520,trimebutine
2521,trimetazidine
2522,trimethadione
2523,trimethobenzamide
2524,trimethoprim
2525,trimetrexate
2526,trimipramine
2527,tripelennamine
2528,triprolidine
2529,triptorelin
2530,troglitazone
2531,trolamine_salicylate
2532,tromethamine
2533,tropicamide
2534,trospium
2535,trovafloxacin
2536,trypan_blue
2537,trypsin
2538,tryptophan
2539,tuberculin
2540,tubocurarine
2541,tucatinib
2542,turmeric_extract
2543,turpentine
2544,typhoid_Vi_polysaccharide_vaccine__S_typhi_Ty2_strain
2545,tyrosine
2546,ubidecarenone
2547,ubiquinol
2548,ubrogepant
2549,ulipristal
2550,ultralente_insulin__beef_pork
2551,ultralente_insulin__human
2552,umbralisib
2553,umeclidinium
2554,undecylenate
2555,upadacitinib
2556,urea
2557,uridine_triacetate
2558,uridine
2559,urofollitropin
2560,urokinase
2561,ursodeoxycholate
2562,Urtica_dioica_preparation
2563,ustekinumab
2564,vaborbactam
2565,vaccinia_virus
2566,valacyclovir
2567,valbenazine
2568,valdecoxib
2569,valerate
2570,valerian_root_extract
2571,Valeriana_officinalis_whole_extract
2572,valeric_acid
2573,valganciclovir
2574,valine
2575,valproate
2576,valrubicin
2577,valsartan
2578,vanadium
2579,vanadyl_sulfate
2580,vancomycin
2581,vandetanib
2582,vardenafil
2583,varenicline
2584,varicella_zoster_immune_globulin
2585,varicella_zoster_virus_glycoprotein_E
2586,varicella_zoster_virus_vaccine_live__Oka_Merck__strain
2587,vasopressin__USP_
2588,vecuronium
2589,vedolizumab
2590,velaglucerase_alfa
2591,velpatasvir
2592,vemurafenib
2593,venetoclax
2594,venlafaxine
2595,verapamil
2596,vericiguat
2597,Veronicastrum_virginicum_root_extract
2598,verteporfin
2599,vibegron
2600,Vibrio_cholerae_CVD_103_HGR_strain_live_antigen
2601,vidarabine
2602,vigabatrin
2603,vilanterol
2604,vilazodone
2605,viloxazine
2606,vinblastine
2607,vincristine
2608,vinorelbine
2609,vinpocetine
2610,vismodegib
2611,vitamin_A
2612,vitamin_B_complex
2613,vitamin_B12
2614,vitamin_B6
2615,vitamin_D
2616,vitamin_D3
2617,vitamin_E
2618,vitamin_K
2619,vitamin_K1
2620,vitamin_K2
2621,voclosporin
2622,von_Willebrand_factor
2623,vonicog_alfa
2624,vorapaxar
2625,voriconazole
2626,vorinostat
2627,vortioxetine
2628,vosoritide
2629,voxelotor
2630,voxilaprevir
2631,warfarin
2632,water
2633,wheat_dextrin
2634,wheat_germ_oil
2635,whey_protein_hydrolysate
2636,white_mulberry_pollen_extract
2637,white_willow_pollen_extract
2638,witch_hazel
2639,Withania_somnifera_whole_extract
2640,xanthan_gum
2641,xenon
2642,xylitol
2643,xylometazoline
2644,xylose
2645,yeast__beta_D_glucan
2646,yellow_fever_virus_strain_17D_204_live_antigen
2647,yohimbine
2648,yttrium
2649,zafirlukast
2650,zalcitabine
2651,zaleplon
2652,zanamivir
2653,zanubrutinib
2654,zeaxanthin
2655,ziconotide
2656,zidovudine
2657,zileuton
2658,zinc__chelated
2659,zinc_acetate
2660,zinc_aspartate
2661,zinc_carbonate
2662,zinc_chloride
2663,zinc_citrate
2664,zinc_gluconate
2665,zinc_glycinate
2666,zinc_oxide
2667,zinc_picolinate
2668,zinc_pyrithione
2669,zinc_sulfate
2670,zinc
2671,ziprasidone
2672,zoledronic_acid
2673,zolmitriptan
2674,zolpidem
2675,zonisamide
